Linux 4.13.0-39-generic (jonte-virtual-machine) 	2018-11-26 	_x86_64_	(4 CPU)

20:28:36        CPU     %user     %nice   %system   %iowait    %steal     %idle
20:28:41        all     52,85      0,00     36,14      0,26      0,00     10,74

20:28:36          tps      rtps      wtps   bread/s   bwrtn/s
20:28:41        32,60      0,20     32,40      6,40    972,80

20:28:36    kbmemfree kbmemused  %memused kbbuffers  kbcached  kbcommit   %commit  kbactive   kbinact   kbdirty
20:28:41       365584   7222564     95,18    175800   1175244  13045584     84,65   3785832   1501528      1684

20:28:36          DEV       tps  rd_sec/s  wr_sec/s  avgrq-sz  avgqu-sz     await     svctm     %util
20:28:41       dev7-0      0,00      0,00      0,00      0,00      0,00      0,00      0,00      0,00
20:28:41       dev7-1      0,00      0,00      0,00      0,00      0,00      0,00      0,00      0,00
20:28:41       dev7-2      0,00      0,00      0,00      0,00      0,00      0,00      0,00      0,00
20:28:41       dev7-3      0,00      0,00      0,00      0,00      0,00      0,00      0,00      0,00
20:28:41       dev7-4      0,00      0,00      0,00      0,00      0,00      0,00      0,00      0,00
20:28:41       dev7-5      0,00      0,00      0,00      0,00      0,00      0,00      0,00      0,00
20:28:41       dev7-6      0,00      0,00      0,00      0,00      0,00      0,00      0,00      0,00
20:28:41       dev7-7      0,00      0,00      0,00      0,00      0,00      0,00      0,00      0,00
20:28:41       dev8-0     32,60      6,40    972,80     30,04      0,08      2,38      2,04      6,64
20:28:41      dev11-0      0,00      0,00      0,00      0,00      0,00      0,00      0,00      0,00
20:28:41     dev253-0    104,40      0,00    972,80      9,32      0,15      1,44      0,64      6,72
20:28:41     dev253-1      0,80      6,40      0,00      8,00      0,01      8,00      2,00      0,16

20:28:36        IFACE   rxpck/s   txpck/s    rxkB/s    txkB/s   rxcmp/s   txcmp/s  rxmcst/s   %ifutil
20:28:41        ens33     43,40     34,80     32,63     33,72      0,00      0,00      0,00      0,03
20:28:41    veth0119560    329,20    320,20     87,14     47,57      0,00      0,00      0,00      0,01
20:28:41    veth141eb73    546,60    550,60    121,14    154,14      0,00      0,00      0,00      0,01
20:28:41    vethdfc607f    516,60    506,20    117,46    147,98      0,00      0,00      0,00      0,01
20:28:41      docker0      0,00      0,00      0,00      0,00      0,00      0,00      0,00      0,00
20:28:41    veth10aaab2      0,00      0,00      0,00      0,00      0,00      0,00      0,00      0,00
20:28:41    veth3ab407b    301,40    302,60     83,41     46,57      0,00      0,00      0,00      0,01
20:28:41           lo    121,40    121,40     92,68     92,68      0,00      0,00      0,00      0,00
20:28:41    vethb1eb094    197,60    198,60     35,92     46,98      0,00      0,00      0,00      0,00
20:28:41    veth957bc21    182,40    189,20     33,65     45,42      0,00      0,00      0,00      0,00
20:28:41    veth7f20925     32,00     31,80     69,06     19,28      0,00      0,00      0,00      0,01
20:28:41    br-bd61e146aaf4     67,40     60,80     74,48     35,63      0,00      0,00      0,00      0,00

20:28:41        CPU     %user     %nice   %system   %iowait    %steal     %idle
20:28:46        all     51,42      0,00     37,87      0,21      0,00     10,50

20:28:41          tps      rtps      wtps   bread/s   bwrtn/s
20:28:46        46,60      0,60     46,00      6,40   1380,80

20:28:41    kbmemfree kbmemused  %memused kbbuffers  kbcached  kbcommit   %commit  kbactive   kbinact   kbdirty
20:28:46       345748   7242400     95,44    176196   1176800  13069456     84,80   3803900   1502680      2968

20:28:41          DEV       tps  rd_sec/s  wr_sec/s  avgrq-sz  avgqu-sz     await     svctm     %util
20:28:46       dev7-0      0,00      0,00      0,00      0,00      0,00      0,00      0,00      0,00
20:28:46       dev7-1      0,00      0,00      0,00      0,00      0,00      0,00      0,00      0,00
20:28:46       dev7-2      0,00      0,00      0,00      0,00      0,00      0,00      0,00      0,00
20:28:46       dev7-3      0,00      0,00      0,00      0,00      0,00      0,00      0,00      0,00
20:28:46       dev7-4      0,00      0,00      0,00      0,00      0,00      0,00      0,00      0,00
20:28:46       dev7-5      0,00      0,00      0,00      0,00      0,00      0,00      0,00      0,00
20:28:46       dev7-6      0,00      0,00      0,00      0,00      0,00      0,00      0,00      0,00
20:28:46       dev7-7      0,00      0,00      0,00      0,00      0,00      0,00      0,00      0,00
20:28:46       dev8-0     46,60      6,40   1380,80     29,77      0,09      1,94      1,51      7,04
20:28:46      dev11-0      0,00      0,00      0,00      0,00      0,00      0,00      0,00      0,00
20:28:46     dev253-0    157,80      3,20   1380,80      8,77      0,22      1,39      0,44      6,96
20:28:46     dev253-1      0,40      3,20      0,00      8,00      0,00      8,00      4,00      0,16

20:28:41        IFACE   rxpck/s   txpck/s    rxkB/s    txkB/s   rxcmp/s   txcmp/s  rxmcst/s   %ifutil
20:28:46        ens33     56,80     39,20     40,20     34,40      0,00      0,00      0,00      0,03
20:28:46    veth0119560    456,20    451,00    128,52     68,44      0,00      0,00      0,00      0,01
20:28:46    veth141eb73    802,20    801,40    178,96    218,51      0,00      0,00      0,00      0,02
20:28:46    vethdfc607f    783,00    780,60    173,64    215,38      0,00      0,00      0,00      0,02
20:28:46      docker0      0,00      0,00      0,00      0,00      0,00      0,00      0,00      0,00
20:28:46    veth10aaab2      0,00      0,00      0,00      0,00      0,00      0,00      0,00      0,00
20:28:46    veth3ab407b    449,40    451,40    127,42     67,34      0,00      0,00      0,00      0,01
20:28:46           lo    162,20    162,20    121,44    121,44      0,00      0,00      0,00      0,00
20:28:46    vethb1eb094    314,80    316,60     57,28     75,93      0,00      0,00      0,00      0,01
20:28:46    veth957bc21    302,00    298,40     55,25     74,25      0,00      0,00      0,00      0,01
20:28:46    veth7f20925     43,60     42,40     65,75     26,46      0,00      0,00      0,00      0,01
20:28:46    br-bd61e146aaf4     94,00     84,60     88,15     48,85      0,00      0,00      0,00      0,00

20:28:46        CPU     %user     %nice   %system   %iowait    %steal     %idle
20:28:51        all     54,11      0,00     34,59      0,37      0,00     10,94

20:28:46          tps      rtps      wtps   bread/s   bwrtn/s
20:28:51        67,60      0,40     67,20      9,60   1996,80

20:28:46    kbmemfree kbmemused  %memused kbbuffers  kbcached  kbcommit   %commit  kbactive   kbinact   kbdirty
20:28:51       301484   7286664     96,03    176696   1179488  13166636     85,43   3846432   1504432      4148

20:28:46          DEV       tps  rd_sec/s  wr_sec/s  avgrq-sz  avgqu-sz     await     svctm     %util
20:28:51       dev7-0      0,00      0,00      0,00      0,00      0,00      0,00      0,00      0,00
20:28:51       dev7-1      0,00      0,00      0,00      0,00      0,00      0,00      0,00      0,00
20:28:51       dev7-2      0,00      0,00      0,00      0,00      0,00      0,00      0,00      0,00
20:28:51       dev7-3      0,00      0,00      0,00      0,00      0,00      0,00      0,00      0,00
20:28:51       dev7-4      0,00      0,00      0,00      0,00      0,00      0,00      0,00      0,00
20:28:51       dev7-5      0,00      0,00      0,00      0,00      0,00      0,00      0,00      0,00
20:28:51       dev7-6      0,00      0,00      0,00      0,00      0,00      0,00      0,00      0,00
20:28:51       dev7-7      0,00      0,00      0,00      0,00      0,00      0,00      0,00      0,00
20:28:51       dev8-0     67,60      9,60   1996,80     29,68      0,17      2,52      1,60     10,80
20:28:51      dev11-0      0,00      0,00      0,00      0,00      0,00      0,00      0,00      0,00
20:28:51     dev253-0    214,20      0,00   1996,80      9,32      0,38      1,79      0,50     10,64
20:28:51     dev253-1      1,20      9,60      0,00      8,00      0,01      6,67      2,00      0,24

20:28:46        IFACE   rxpck/s   txpck/s    rxkB/s    txkB/s   rxcmp/s   txcmp/s  rxmcst/s   %ifutil
20:28:51        ens33     79,80     57,40     67,59     60,61      0,00      0,00      0,00      0,06
20:28:51    veth0119560    444,40    458,40    119,39     70,38      0,00      0,00      0,00      0,01
20:28:51    veth141eb73    768,40    748,00    195,57    228,76      0,00      0,00      0,00      0,02
20:28:51    vethdfc607f    777,40    762,20    218,09    232,03      0,00      0,00      0,00      0,02
20:28:51      docker0      0,00      0,00      0,00      0,00      0,00      0,00      0,00      0,00
20:28:51    veth10aaab2      0,00      0,00      0,00      0,00      0,00      0,00      0,00      0,00
20:28:51    veth3ab407b    456,00    460,20    122,36     74,22      0,00      0,00      0,00      0,01
20:28:51           lo    180,20    180,20    212,40    212,40      0,00      0,00      0,00      0,00
20:28:51    vethb1eb094    266,20    270,40     52,86     63,45      0,00      0,00      0,00      0,01
20:28:51    veth957bc21    268,40    273,40     53,13     65,16      0,00      0,00      0,00      0,01
20:28:51    veth7f20925     65,60     69,00    138,16     45,51      0,00      0,00      0,00      0,01
20:28:51    br-bd61e146aaf4    120,40    115,60    185,99     67,58      0,00      0,00      0,00      0,00

20:28:51        CPU     %user     %nice   %system   %iowait    %steal     %idle
20:28:56        all     53,89      0,00     36,03      0,16      0,00      9,92

20:28:51          tps      rtps      wtps   bread/s   bwrtn/s
20:28:56        52,00      0,20     51,80      6,40   1550,40

20:28:51    kbmemfree kbmemused  %memused kbbuffers  kbcached  kbcommit   %commit  kbactive   kbinact   kbdirty
20:28:56       299932   7288216     96,05    177112   1181276  13103308     85,02   3845444   1505944      5588

20:28:51          DEV       tps  rd_sec/s  wr_sec/s  avgrq-sz  avgqu-sz     await     svctm     %util
20:28:56       dev7-0      0,00      0,00      0,00      0,00      0,00      0,00      0,00      0,00
20:28:56       dev7-1      0,00      0,00      0,00      0,00      0,00      0,00      0,00      0,00
20:28:56       dev7-2      0,00      0,00      0,00      0,00      0,00      0,00      0,00      0,00
20:28:56       dev7-3      0,00      0,00      0,00      0,00      0,00      0,00      0,00      0,00
20:28:56       dev7-4      0,00      0,00      0,00      0,00      0,00      0,00      0,00      0,00
20:28:56       dev7-5      0,00      0,00      0,00      0,00      0,00      0,00      0,00      0,00
20:28:56       dev7-6      0,00      0,00      0,00      0,00      0,00      0,00      0,00      0,00
20:28:56       dev7-7      0,00      0,00      0,00      0,00      0,00      0,00      0,00      0,00
20:28:56       dev8-0     52,00      6,40   1550,40     29,94      0,09      1,74      1,37      7,12
20:28:56      dev11-0      0,00      0,00      0,00      0,00      0,00      0,00      0,00      0,00
20:28:56     dev253-0    179,20      0,00   1550,40      8,65      0,18      1,03      0,40      7,12
20:28:56     dev253-1      0,80      6,40      0,00      8,00      0,01      8,00      2,00      0,16

20:28:51        IFACE   rxpck/s   txpck/s    rxkB/s    txkB/s   rxcmp/s   txcmp/s  rxmcst/s   %ifutil
20:28:56        ens33     57,00     39,40     38,95     34,03      0,00      0,00      0,00      0,03
20:28:56    veth0119560    485,60    542,40    130,69     77,51      0,00      0,00      0,00      0,01
20:28:56    veth141eb73    851,00    794,60    199,01    213,90      0,00      0,00      0,00      0,02
20:28:56    vethdfc607f    777,00    767,80    172,46    209,35      0,00      0,00      0,00      0,02
20:28:56      docker0      0,00      0,00      0,00      0,00      0,00      0,00      0,00      0,00
20:28:56    veth10aaab2      0,00      0,00      0,00      0,00      0,00      0,00      0,00      0,00
20:28:56    veth3ab407b    447,40    450,20    125,55     67,67      0,00      0,00      0,00      0,01
20:28:56           lo    162,80    162,80    136,91    136,91      0,00      0,00      0,00      0,00
20:28:56    vethb1eb094    276,00    273,80     52,13     73,35      0,00      0,00      0,00      0,01
20:28:56    veth957bc21    292,40    294,00     53,05     73,37      0,00      0,00      0,00      0,01
20:28:56    veth7f20925     36,60     36,80     56,26     24,50      0,00      0,00      0,00      0,00
20:28:56    br-bd61e146aaf4     89,40     82,80     98,00     49,73      0,00      0,00      0,00      0,00

20:28:56        CPU     %user     %nice   %system   %iowait    %steal     %idle
20:29:01        all     52,68      0,00     36,15      0,37      0,00     10,81

20:28:56          tps      rtps      wtps   bread/s   bwrtn/s
20:29:01        56,40      0,20     56,20      6,40   1736,00

20:28:56    kbmemfree kbmemused  %memused kbbuffers  kbcached  kbcommit   %commit  kbactive   kbinact   kbdirty
20:29:01       293260   7294888     96,14    177544   1183440  13111860     85,08   3849632   1507512      6808

20:28:56          DEV       tps  rd_sec/s  wr_sec/s  avgrq-sz  avgqu-sz     await     svctm     %util
20:29:01       dev7-0      0,00      0,00      0,00      0,00      0,00      0,00      0,00      0,00
20:29:01       dev7-1      0,00      0,00      0,00      0,00      0,00      0,00      0,00      0,00
20:29:01       dev7-2      0,00      0,00      0,00      0,00      0,00      0,00      0,00      0,00
20:29:01       dev7-3      0,00      0,00      0,00      0,00      0,00      0,00      0,00      0,00
20:29:01       dev7-4      0,00      0,00      0,00      0,00      0,00      0,00      0,00      0,00
20:29:01       dev7-5      0,00      0,00      0,00      0,00      0,00      0,00      0,00      0,00
20:29:01       dev7-6      0,00      0,00      0,00      0,00      0,00      0,00      0,00      0,00
20:29:01       dev7-7      0,00      0,00      0,00      0,00      0,00      0,00      0,00      0,00
20:29:01       dev8-0     56,40      6,40   1736,00     30,89      0,16      2,89      1,76      9,92
20:29:01      dev11-0      0,00      0,00      0,00      0,00      0,00      0,00      0,00      0,00
20:29:01     dev253-0    193,00      0,00   1736,00      8,99      0,39      2,01      0,51      9,84
20:29:01     dev253-1      0,80      6,40      0,00      8,00      0,01      8,00      2,00      0,16

20:28:56        IFACE   rxpck/s   txpck/s    rxkB/s    txkB/s   rxcmp/s   txcmp/s  rxmcst/s   %ifutil
20:29:01        ens33     70,60     50,60     60,81     47,17      0,00      0,00      0,00      0,05
20:29:01    veth0119560    500,80    541,00    133,13     77,72      0,00      0,00      0,00      0,01
20:29:01    veth141eb73    864,00    817,00    195,19    229,56      0,00      0,00      0,00      0,02
20:29:01    vethdfc607f    876,60    846,00    204,97    240,06      0,00      0,00      0,00      0,02
20:29:01      docker0      0,00      0,00      0,00      0,00      0,00      0,00      0,00      0,00
20:29:01    veth10aaab2      0,00      0,00      0,00      0,00      0,00      0,00      0,00      0,00
20:29:01    veth3ab407b    490,40    513,40    137,19     77,74      0,00      0,00      0,00      0,01
20:29:01           lo    158,80    158,80    152,85    152,85      0,00      0,00      0,00      0,00
20:29:01    vethb1eb094    285,20    288,60     53,87     72,05      0,00      0,00      0,00      0,01
20:29:01    veth957bc21    322,60    325,00     60,17     77,43      0,00      0,00      0,00      0,01
20:29:01    veth7f20925     46,00     45,60     93,81     28,23      0,00      0,00      0,00      0,01
20:29:01    br-bd61e146aaf4     95,40     86,40    125,75     51,52      0,00      0,00      0,00      0,00

20:29:01        CPU     %user     %nice   %system   %iowait    %steal     %idle
20:29:06        all     55,18      0,00     35,97      0,31      0,00      8,54

20:29:01          tps      rtps      wtps   bread/s   bwrtn/s
20:29:06        44,40      0,00     44,40      0,00   2793,60

20:29:01    kbmemfree kbmemused  %memused kbbuffers  kbcached  kbcommit   %commit  kbactive   kbinact   kbdirty
20:29:06       268628   7319520     96,46    177788   1185144  13243588     85,93   3871288   1508880      4236

20:29:01          DEV       tps  rd_sec/s  wr_sec/s  avgrq-sz  avgqu-sz     await     svctm     %util
20:29:06       dev7-0      0,00      0,00      0,00      0,00      0,00      0,00      0,00      0,00
20:29:06       dev7-1      0,00      0,00      0,00      0,00      0,00      0,00      0,00      0,00
20:29:06       dev7-2      0,00      0,00      0,00      0,00      0,00      0,00      0,00      0,00
20:29:06       dev7-3      0,00      0,00      0,00      0,00      0,00      0,00      0,00      0,00
20:29:06       dev7-4      0,00      0,00      0,00      0,00      0,00      0,00      0,00      0,00
20:29:06       dev7-5      0,00      0,00      0,00      0,00      0,00      0,00      0,00      0,00
20:29:06       dev7-6      0,00      0,00      0,00      0,00      0,00      0,00      0,00      0,00
20:29:06       dev7-7      0,00      0,00      0,00      0,00      0,00      0,00      0,00      0,00
20:29:06       dev8-0     44,40      0,00   2793,60     62,92      0,14      3,14      1,75      7,76
20:29:06      dev11-0      0,00      0,00      0,00      0,00      0,00      0,00      0,00      0,00
20:29:06     dev253-0    147,20      0,00   2793,60     18,98      0,30      2,06      0,52      7,68
20:29:06     dev253-1      0,00      0,00      0,00      0,00      0,00      0,00      0,00      0,00

20:29:01        IFACE   rxpck/s   txpck/s    rxkB/s    txkB/s   rxcmp/s   txcmp/s  rxmcst/s   %ifutil
20:29:06        ens33     48,40     35,60     34,96     31,30      0,00      0,00      0,00      0,03
20:29:06    veth0119560    420,60    424,60    117,50     63,36      0,00      0,00      0,00      0,01
20:29:06    veth141eb73    736,80    726,60    165,11    197,56      0,00      0,00      0,00      0,02
20:29:06    vethdfc607f    735,00    729,60    163,55    196,44      0,00      0,00      0,00      0,02
20:29:06      docker0      0,00      0,00      0,00      0,00      0,00      0,00      0,00      0,00
20:29:06    veth10aaab2      0,00      0,00      0,00      0,00      0,00      0,00      0,00      0,00
20:29:06    veth3ab407b    419,40    425,20    116,53     63,51      0,00      0,00      0,00      0,01
20:29:06           lo    149,60    149,60    118,80    118,80      0,00      0,00      0,00      0,00
20:29:06    vethb1eb094    277,00    279,20     50,80     68,72      0,00      0,00      0,00      0,01
20:29:06    veth957bc21    282,00    277,80     50,69     67,93      0,00      0,00      0,00      0,01
20:29:06    veth7f20925     38,00     35,20     56,05     25,95      0,00      0,00      0,00      0,00
20:29:06    br-bd61e146aaf4     86,00     75,40     83,27     47,69      0,00      0,00      0,00      0,00

20:29:06        CPU     %user     %nice   %system   %iowait    %steal     %idle
20:29:11        all     55,46      0,00     35,28      0,36      0,00      8,90

20:29:06          tps      rtps      wtps   bread/s   bwrtn/s
20:29:11        68,20      0,20     68,00     12,80   3112,00

20:29:06    kbmemfree kbmemused  %memused kbbuffers  kbcached  kbcommit   %commit  kbactive   kbinact   kbdirty
20:29:11       257964   7330184     96,60    178136   1186544  13146116     85,30   3881448   1509704      1196

20:29:06          DEV       tps  rd_sec/s  wr_sec/s  avgrq-sz  avgqu-sz     await     svctm     %util
20:29:11       dev7-0      0,00      0,00      0,00      0,00      0,00      0,00      0,00      0,00
20:29:11       dev7-1      0,00      0,00      0,00      0,00      0,00      0,00      0,00      0,00
20:29:11       dev7-2      0,00      0,00      0,00      0,00      0,00      0,00      0,00      0,00
20:29:11       dev7-3      0,00      0,00      0,00      0,00      0,00      0,00      0,00      0,00
20:29:11       dev7-4      0,00      0,00      0,00      0,00      0,00      0,00      0,00      0,00
20:29:11       dev7-5      0,00      0,00      0,00      0,00      0,00      0,00      0,00      0,00
20:29:11       dev7-6      0,00      0,00      0,00      0,00      0,00      0,00      0,00      0,00
20:29:11       dev7-7      0,00      0,00      0,00      0,00      0,00      0,00      0,00      0,00
20:29:11       dev8-0     68,20     12,80   3112,00     45,82      0,21      3,26      1,16      7,92
20:29:11      dev11-0      0,00      0,00      0,00      0,00      0,00      0,00      0,00      0,00
20:29:11     dev253-0    182,20      0,00   3112,00     17,08      0,39      2,13      0,43      7,84
20:29:11     dev253-1      1,60     12,80      0,00      8,00      0,01      4,00      0,50      0,08

20:29:06        IFACE   rxpck/s   txpck/s    rxkB/s    txkB/s   rxcmp/s   txcmp/s  rxmcst/s   %ifutil
20:29:11        ens33     65,40     50,00     53,37     51,36      0,00      0,00      0,00      0,04
20:29:11    veth0119560    390,80    376,80    108,61     58,75      0,00      0,00      0,00      0,01
20:29:11    veth141eb73    666,60    675,20    157,71    203,38      0,00      0,00      0,00      0,02
20:29:11    vethdfc607f    623,60    637,00    149,68    196,95      0,00      0,00      0,00      0,02
20:29:11      docker0      0,00      0,00      0,00      0,00      0,00      0,00      0,00      0,00
20:29:11    veth10aaab2      0,00      0,00      0,00      0,00      0,00      0,00      0,00      0,00
20:29:11    veth3ab407b    358,40    335,60    104,77     55,28      0,00      0,00      0,00      0,01
20:29:11           lo    145,80    145,80    123,12    123,12      0,00      0,00      0,00      0,00
20:29:11    vethb1eb094    255,20    252,80     47,81     61,16      0,00      0,00      0,00      0,01
20:29:11    veth957bc21    251,40    257,00     45,49     60,37      0,00      0,00      0,00      0,00
20:29:11    veth7f20925     53,20     55,00    114,03     28,88      0,00      0,00      0,00      0,01
20:29:11    br-bd61e146aaf4     91,80     83,40    109,09     47,22      0,00      0,00      0,00      0,00

20:29:11        CPU     %user     %nice   %system   %iowait    %steal     %idle
20:29:16        all     58,16      0,00     34,08      0,05      0,00      7,72

20:29:11          tps      rtps      wtps   bread/s   bwrtn/s
20:29:16        35,93      0,60     35,33     15,97   1074,65

20:29:11    kbmemfree kbmemused  %memused kbbuffers  kbcached  kbcommit   %commit  kbactive   kbinact   kbdirty
20:29:16       252388   7335760     96,67    178460   1187968  13153364     85,35   3884972   1510824      2100

20:29:11          DEV       tps  rd_sec/s  wr_sec/s  avgrq-sz  avgqu-sz     await     svctm     %util
20:29:16       dev7-0      0,00      0,00      0,00      0,00      0,00      0,00      0,00      0,00
20:29:16       dev7-1      0,00      0,00      0,00      0,00      0,00      0,00      0,00      0,00
20:29:16       dev7-2      0,00      0,00      0,00      0,00      0,00      0,00      0,00      0,00
20:29:16       dev7-3      0,00      0,00      0,00      0,00      0,00      0,00      0,00      0,00
20:29:16       dev7-4      0,00      0,00      0,00      0,00      0,00      0,00      0,00      0,00
20:29:16       dev7-5      0,00      0,00      0,00      0,00      0,00      0,00      0,00      0,00
20:29:16       dev7-6      0,00      0,00      0,00      0,00      0,00      0,00      0,00      0,00
20:29:16       dev7-7      0,00      0,00      0,00      0,00      0,00      0,00      0,00      0,00
20:29:16       dev8-0     35,93     15,97   1074,65     30,36      0,08      2,33      2,13      7,66
20:29:16      dev11-0      0,00      0,00      0,00      0,00      0,00      0,00      0,00      0,00
20:29:16     dev253-0    114,77      0,00   1074,65      9,36      0,20      1,74      0,64      7,35
20:29:16     dev253-1      2,00     15,97      0,00      8,00      0,02      8,00      2,40      0,48

20:29:11        IFACE   rxpck/s   txpck/s    rxkB/s    txkB/s   rxcmp/s   txcmp/s  rxmcst/s   %ifutil
20:29:16        ens33     33,73     23,75     23,08     19,78      0,00      0,00      0,00      0,02
20:29:16    veth0119560    268,46    256,89     70,79     41,02      0,00      0,00      0,00      0,01
20:29:16    veth141eb73    440,72    445,91    116,68    119,12      0,00      0,00      0,00      0,01
20:29:16    vethdfc607f    431,14    425,55    115,57    115,49      0,00      0,00      0,00      0,01
20:29:16      docker0      0,00      0,00      0,00      0,00      0,00      0,00      0,00      0,00
20:29:16    veth10aaab2      0,00      0,00      0,00      0,00      0,00      0,00      0,00      0,00
20:29:16    veth3ab407b    248,50    245,91     67,33     39,97      0,00      0,00      0,00      0,01
20:29:16           lo    113,97    113,97    112,50    112,50      0,00      0,00      0,00      0,00
20:29:16    vethb1eb094    155,49    159,48     29,25     37,59      0,00      0,00      0,00      0,00
20:29:16    veth957bc21    154,09    159,48     28,86     37,42      0,00      0,00      0,00      0,00
20:29:16    veth7f20925     26,75     27,74     35,50     17,58      0,00      0,00      0,00      0,00
20:29:16    br-bd61e146aaf4     67,07     61,48     87,75     32,67      0,00      0,00      0,00      0,00

20:29:16        CPU     %user     %nice   %system   %iowait    %steal     %idle
20:29:21        all     53,19      0,00     37,56      0,31      0,00      8,94

20:29:16          tps      rtps      wtps   bread/s   bwrtn/s
20:29:21        50,60      0,00     50,60      0,00   1393,60

20:29:16    kbmemfree kbmemused  %memused kbbuffers  kbcached  kbcommit   %commit  kbactive   kbinact   kbdirty
20:29:21       225556   7362592     97,03    178724   1189600  13255440     86,01   3908696   1511848      3364

20:29:16          DEV       tps  rd_sec/s  wr_sec/s  avgrq-sz  avgqu-sz     await     svctm     %util
20:29:21       dev7-0      0,00      0,00      0,00      0,00      0,00      0,00      0,00      0,00
20:29:21       dev7-1      0,00      0,00      0,00      0,00      0,00      0,00      0,00      0,00
20:29:21       dev7-2      0,00      0,00      0,00      0,00      0,00      0,00      0,00      0,00
20:29:21       dev7-3      0,00      0,00      0,00      0,00      0,00      0,00      0,00      0,00
20:29:21       dev7-4      0,00      0,00      0,00      0,00      0,00      0,00      0,00      0,00
20:29:21       dev7-5      0,00      0,00      0,00      0,00      0,00      0,00      0,00      0,00
20:29:21       dev7-6      0,00      0,00      0,00      0,00      0,00      0,00      0,00      0,00
20:29:21       dev7-7      0,00      0,00      0,00      0,00      0,00      0,00      0,00      0,00
20:29:21       dev8-0     50,60      0,00   1393,60     27,54      0,10      2,07      1,66      8,40
20:29:21      dev11-0      0,00      0,00      0,00      0,00      0,00      0,00      0,00      0,00
20:29:21     dev253-0    160,60      0,00   1393,60      8,68      0,20      1,22      0,52      8,40
20:29:21     dev253-1      0,00      0,00      0,00      0,00      0,00      0,00      0,00      0,00

20:29:16        IFACE   rxpck/s   txpck/s    rxkB/s    txkB/s   rxcmp/s   txcmp/s  rxmcst/s   %ifutil
20:29:21        ens33     43,60     32,80     26,87     30,65      0,00      0,00      0,00      0,03
20:29:21    veth0119560    428,60    430,60    119,00     63,87      0,00      0,00      0,00      0,01
20:29:21    veth141eb73    741,00    734,00    159,29    196,70      0,00      0,00      0,00      0,02
20:29:21    vethdfc607f    732,40    749,40    151,56    201,53      0,00      0,00      0,00      0,02
20:29:21      docker0      0,00      0,00      0,00      0,00      0,00      0,00      0,00      0,00
20:29:21    veth10aaab2      0,00      0,00      0,00      0,00      0,00      0,00      0,00      0,00
20:29:21    veth3ab407b    433,20    413,00    122,08     62,02      0,00      0,00      0,00      0,01
20:29:21           lo    147,00    147,00     98,03     98,03      0,00      0,00      0,00      0,00
20:29:21    vethb1eb094    277,00    279,40     49,25     67,99      0,00      0,00      0,00      0,01
20:29:21    veth957bc21    289,80    289,20     51,19     70,30      0,00      0,00      0,00      0,01
20:29:21    veth7f20925     35,80     37,80     51,24     21,42      0,00      0,00      0,00      0,00
20:29:21    br-bd61e146aaf4     78,60     74,40     63,09     44,42      0,00      0,00      0,00      0,00

20:29:21        CPU     %user     %nice   %system   %iowait    %steal     %idle
20:29:26        all     51,74      0,00     38,21      0,32      0,00      9,74

20:29:21          tps      rtps      wtps   bread/s   bwrtn/s
20:29:26        43,40      0,60     42,80      6,40   1283,20

20:29:21    kbmemfree kbmemused  %memused kbbuffers  kbcached  kbcommit   %commit  kbactive   kbinact   kbdirty
20:29:26       242652   7345496     96,80    178996   1191560  13154404     85,35   3890172   1513444      4776

20:29:21          DEV       tps  rd_sec/s  wr_sec/s  avgrq-sz  avgqu-sz     await     svctm     %util
20:29:26       dev7-0      0,00      0,00      0,00      0,00      0,00      0,00      0,00      0,00
20:29:26       dev7-1      0,00      0,00      0,00      0,00      0,00      0,00      0,00      0,00
20:29:26       dev7-2      0,00      0,00      0,00      0,00      0,00      0,00      0,00      0,00
20:29:26       dev7-3      0,00      0,00      0,00      0,00      0,00      0,00      0,00      0,00
20:29:26       dev7-4      0,00      0,00      0,00      0,00      0,00      0,00      0,00      0,00
20:29:26       dev7-5      0,00      0,00      0,00      0,00      0,00      0,00      0,00      0,00
20:29:26       dev7-6      0,00      0,00      0,00      0,00      0,00      0,00      0,00      0,00
20:29:26       dev7-7      0,00      0,00      0,00      0,00      0,00      0,00      0,00      0,00
20:29:26       dev8-0     43,40      6,40   1283,20     29,71      0,09      2,06      1,62      7,04
20:29:26      dev11-0      0,00      0,00      0,00      0,00      0,00      0,00      0,00      0,00
20:29:26     dev253-0    143,00      1,60   1283,20      8,98      0,20      1,43      0,49      7,04
20:29:26     dev253-1      0,60      4,80      0,00      8,00      0,00      2,67      1,33      0,08

20:29:21        IFACE   rxpck/s   txpck/s    rxkB/s    txkB/s   rxcmp/s   txcmp/s  rxmcst/s   %ifutil
20:29:26        ens33     51,00     34,80     32,20     31,76      0,00      0,00      0,00      0,03
20:29:26    veth0119560    501,40    538,40    136,69     75,27      0,00      0,00      0,00      0,01
20:29:26    veth141eb73    884,20    845,80    182,70    235,72      0,00      0,00      0,00      0,02
20:29:26    vethdfc607f    849,20    827,20    188,26    214,39      0,00      0,00      0,00      0,02
20:29:26      docker0      0,00      0,00      0,00      0,00      0,00      0,00      0,00      0,00
20:29:26    veth10aaab2      0,00      0,00      0,00      0,00      0,00      0,00      0,00      0,00
20:29:26    veth3ab407b    481,20    497,20    131,36     73,02      0,00      0,00      0,00      0,01
20:29:26           lo    163,40    163,40    119,43    119,43      0,00      0,00      0,00      0,00
20:29:26    vethb1eb094    313,80    310,20     57,41     79,67      0,00      0,00      0,00      0,01
20:29:26    veth957bc21    316,60    317,00     57,33     77,71      0,00      0,00      0,00      0,01
20:29:26    veth7f20925     36,00     38,80     61,03     23,04      0,00      0,00      0,00      0,00
20:29:26    br-bd61e146aaf4     86,20     78,20     81,62     46,80      0,00      0,00      0,00      0,00

20:29:26        CPU     %user     %nice   %system   %iowait    %steal     %idle
20:29:31        all     51,44      0,00     37,40      0,42      0,00     10,74

20:29:26          tps      rtps      wtps   bread/s   bwrtn/s
20:29:31        58,00      0,40     57,60      9,60   1670,40

20:29:26    kbmemfree kbmemused  %memused kbbuffers  kbcached  kbcommit   %commit  kbactive   kbinact   kbdirty
20:29:31       237172   7350976     96,87    179496   1193656  13175876     85,49   3894060   1514912      5796

20:29:26          DEV       tps  rd_sec/s  wr_sec/s  avgrq-sz  avgqu-sz     await     svctm     %util
20:29:31       dev7-0      0,00      0,00      0,00      0,00      0,00      0,00      0,00      0,00
20:29:31       dev7-1      0,00      0,00      0,00      0,00      0,00      0,00      0,00      0,00
20:29:31       dev7-2      0,00      0,00      0,00      0,00      0,00      0,00      0,00      0,00
20:29:31       dev7-3      0,00      0,00      0,00      0,00      0,00      0,00      0,00      0,00
20:29:31       dev7-4      0,00      0,00      0,00      0,00      0,00      0,00      0,00      0,00
20:29:31       dev7-5      0,00      0,00      0,00      0,00      0,00      0,00      0,00      0,00
20:29:31       dev7-6      0,00      0,00      0,00      0,00      0,00      0,00      0,00      0,00
20:29:31       dev7-7      0,00      0,00      0,00      0,00      0,00      0,00      0,00      0,00
20:29:31       dev8-0     58,00      9,60   1670,40     28,97      0,14      2,39      1,70      9,84
20:29:31      dev11-0      0,00      0,00      0,00      0,00      0,00      0,00      0,00      0,00
20:29:31     dev253-0    186,20      0,00   1670,40      8,97      0,28      1,51      0,52      9,76
20:29:31     dev253-1      1,20      9,60      0,00      8,00      0,01      8,00      2,67      0,32

20:29:26        IFACE   rxpck/s   txpck/s    rxkB/s    txkB/s   rxcmp/s   txcmp/s  rxmcst/s   %ifutil
20:29:31        ens33     62,00     43,40     47,05     45,52      0,00      0,00      0,00      0,04
20:29:31    veth0119560    447,60    456,00    124,61     68,55      0,00      0,00      0,00      0,01
20:29:31    veth141eb73    764,80    750,80    174,57    201,64      0,00      0,00      0,00      0,02
20:29:31    vethdfc607f    743,60    735,60    168,24    211,62      0,00      0,00      0,00      0,02
20:29:31      docker0      0,00      0,00      0,00      0,00      0,00      0,00      0,00      0,00
20:29:31    veth10aaab2      0,00      0,00      0,00      0,00      0,00      0,00      0,00      0,00
20:29:31    veth3ab407b    445,60    447,40    122,40     67,18      0,00      0,00      0,00      0,01
20:29:31           lo    136,00    136,00    117,33    117,33      0,00      0,00      0,00      0,00
20:29:31    vethb1eb094    272,80    276,20     49,47     67,75      0,00      0,00      0,00      0,01
20:29:31    veth957bc21    264,00    267,20     46,09     66,39      0,00      0,00      0,00      0,01
20:29:31    veth7f20925     37,60     45,00     79,92     18,81      0,00      0,00      0,00      0,01
20:29:31    br-bd61e146aaf4     73,20     75,40    101,69     39,34      0,00      0,00      0,00      0,00

20:29:31        CPU     %user     %nice   %system   %iowait    %steal     %idle
20:29:36        all     55,17      0,00     36,71      0,16      0,00      7,96

20:29:31          tps      rtps      wtps   bread/s   bwrtn/s
20:29:36        45,20      0,00     45,20      0,00   2859,20

20:29:31    kbmemfree kbmemused  %memused kbbuffers  kbcached  kbcommit   %commit  kbactive   kbinact   kbdirty
20:29:36       229304   7358844     96,98    179884   1195772  13184948     85,55   3899256   1516392      3204

20:29:31          DEV       tps  rd_sec/s  wr_sec/s  avgrq-sz  avgqu-sz     await     svctm     %util
20:29:36       dev7-0      0,00      0,00      0,00      0,00      0,00      0,00      0,00      0,00
20:29:36       dev7-1      0,00      0,00      0,00      0,00      0,00      0,00      0,00      0,00
20:29:36       dev7-2      0,00      0,00      0,00      0,00      0,00      0,00      0,00      0,00
20:29:36       dev7-3      0,00      0,00      0,00      0,00      0,00      0,00      0,00      0,00
20:29:36       dev7-4      0,00      0,00      0,00      0,00      0,00      0,00      0,00      0,00
20:29:36       dev7-5      0,00      0,00      0,00      0,00      0,00      0,00      0,00      0,00
20:29:36       dev7-6      0,00      0,00      0,00      0,00      0,00      0,00      0,00      0,00
20:29:36       dev7-7      0,00      0,00      0,00      0,00      0,00      0,00      0,00      0,00
20:29:36       dev8-0     45,40      0,00   2864,00     63,08      0,17      3,79      1,66      7,52
20:29:36      dev11-0      0,00      0,00      0,00      0,00      0,00      0,00      0,00      0,00
20:29:36     dev253-0    152,80      0,00   2880,00     18,85      0,31      1,95      0,50      7,60
20:29:36     dev253-1      0,00      0,00      0,00      0,00      0,00      0,00      0,00      0,00

20:29:31        IFACE   rxpck/s   txpck/s    rxkB/s    txkB/s   rxcmp/s   txcmp/s  rxmcst/s   %ifutil
20:29:36        ens33     56,60     40,60     42,33     40,77      0,00      0,00      0,00      0,03
20:29:36    veth0119560    387,00    369,40    106,11     57,11      0,00      0,00      0,00      0,01
20:29:36    veth141eb73    650,80    662,60    152,73    190,70      0,00      0,00      0,00      0,02
20:29:36    vethdfc607f    652,60    650,60    153,54    189,52      0,00      0,00      0,00      0,02
20:29:36      docker0      0,00      0,00      0,00      0,00      0,00      0,00      0,00      0,00
20:29:36    veth10aaab2      0,00      0,00      0,00      0,00      0,00      0,00      0,00      0,00
20:29:36    veth3ab407b    357,80    348,80    103,28     55,95      0,00      0,00      0,00      0,01
20:29:36           lo    166,00    166,00    129,49    129,49      0,00      0,00      0,00      0,00
20:29:36    vethb1eb094    244,20    246,60     46,37     59,36      0,00      0,00      0,00      0,00
20:29:36    veth957bc21    263,60    268,00     48,42     61,31      0,00      0,00      0,00      0,01
20:29:36    veth7f20925     48,20     51,40     84,71     31,79      0,00      0,00      0,00      0,01
20:29:36    br-bd61e146aaf4     96,80     90,00    100,25     52,14      0,00      0,00      0,00      0,00

20:29:36        CPU     %user     %nice   %system   %iowait    %steal     %idle
20:29:41        all     54,18      0,05     37,04      0,21      0,00      8,52

20:29:36          tps      rtps      wtps   bread/s   bwrtn/s
20:29:41        64,40      0,80     63,60     22,40   2651,20

20:29:36    kbmemfree kbmemused  %memused kbbuffers  kbcached  kbcommit   %commit  kbactive   kbinact   kbdirty
20:29:41       207120   7381028     97,27    180248   1197428  13272456     86,12   3918584   1517592      1152

20:29:36          DEV       tps  rd_sec/s  wr_sec/s  avgrq-sz  avgqu-sz     await     svctm     %util
20:29:41       dev7-0      0,00      0,00      0,00      0,00      0,00      0,00      0,00      0,00
20:29:41       dev7-1      0,00      0,00      0,00      0,00      0,00      0,00      0,00      0,00
20:29:41       dev7-2      0,00      0,00      0,00      0,00      0,00      0,00      0,00      0,00
20:29:41       dev7-3      0,00      0,00      0,00      0,00      0,00      0,00      0,00      0,00
20:29:41       dev7-4      0,00      0,00      0,00      0,00      0,00      0,00      0,00      0,00
20:29:41       dev7-5      0,00      0,00      0,00      0,00      0,00      0,00      0,00      0,00
20:29:41       dev7-6      0,00      0,00      0,00      0,00      0,00      0,00      0,00      0,00
20:29:41       dev7-7      0,00      0,00      0,00      0,00      0,00      0,00      0,00      0,00
20:29:41       dev8-0     64,20     22,40   2646,40     41,57      0,31      4,91      1,58     10,16
20:29:41      dev11-0      0,00      0,00      0,00      0,00      0,00      0,00      0,00      0,00
20:29:41     dev253-0    180,40      3,20   2630,40     14,60      0,47      2,67      0,53      9,60
20:29:41     dev253-1      2,40     19,20      0,00      8,00      0,02      8,00      1,33      0,32

20:29:36        IFACE   rxpck/s   txpck/s    rxkB/s    txkB/s   rxcmp/s   txcmp/s  rxmcst/s   %ifutil
20:29:41        ens33     40,60     28,60     26,61     27,07      0,00      0,00      0,00      0,02
20:29:41    veth0119560    365,60    383,60    100,69     56,13      0,00      0,00      0,00      0,01
20:29:41    veth141eb73    632,60    613,40    141,70    164,63      0,00      0,00      0,00      0,01
20:29:41    vethdfc607f    655,00    630,60    144,52    168,06      0,00      0,00      0,00      0,01
20:29:41      docker0      0,00      0,00      0,00      0,00      0,00      0,00      0,00      0,00
20:29:41    veth10aaab2      0,00      0,00      0,00      0,00      0,00      0,00      0,00      0,00
20:29:41    veth3ab407b    384,20    400,60    103,65     57,68      0,00      0,00      0,00      0,01
20:29:41           lo    113,00    113,00     96,86     96,86      0,00      0,00      0,00      0,00
20:29:41    vethb1eb094    226,20    225,20     39,55     56,73      0,00      0,00      0,00      0,00
20:29:41    veth957bc21    224,20    229,20     40,03     57,07      0,00      0,00      0,00      0,00
20:29:41    veth7f20925     26,00     27,40     45,90     14,43      0,00      0,00      0,00      0,00
20:29:41    br-bd61e146aaf4     60,80     57,20     73,32     32,90      0,00      0,00      0,00      0,00

20:29:41        CPU     %user     %nice   %system   %iowait    %steal     %idle
20:29:46        all     56,75      0,00     34,71      0,16      0,00      8,38

20:29:41          tps      rtps      wtps   bread/s   bwrtn/s
20:29:46        41,60      0,40     41,20      4,80   1137,60

20:29:41    kbmemfree kbmemused  %memused kbbuffers  kbcached  kbcommit   %commit  kbactive   kbinact   kbdirty
20:29:46       233272   7354876     96,93    180488   1198932  13179444     85,52   3891140   1518796      2180

20:29:41          DEV       tps  rd_sec/s  wr_sec/s  avgrq-sz  avgqu-sz     await     svctm     %util
20:29:46       dev7-0      0,00      0,00      0,00      0,00      0,00      0,00      0,00      0,00
20:29:46       dev7-1      0,00      0,00      0,00      0,00      0,00      0,00      0,00      0,00
20:29:46       dev7-2      0,00      0,00      0,00      0,00      0,00      0,00      0,00      0,00
20:29:46       dev7-3      0,00      0,00      0,00      0,00      0,00      0,00      0,00      0,00
20:29:46       dev7-4      0,00      0,00      0,00      0,00      0,00      0,00      0,00      0,00
20:29:46       dev7-5      0,00      0,00      0,00      0,00      0,00      0,00      0,00      0,00
20:29:46       dev7-6      0,00      0,00      0,00      0,00      0,00      0,00      0,00      0,00
20:29:46       dev7-7      0,00      0,00      0,00      0,00      0,00      0,00      0,00      0,00
20:29:46       dev8-0     41,60      4,80   1137,60     27,46      0,15      3,71      1,23      5,12
20:29:46      dev11-0      0,00      0,00      0,00      0,00      0,00      0,00      0,00      0,00
20:29:46     dev253-0    126,20      1,60   1137,60      9,03      0,27      2,14      0,41      5,12
20:29:46     dev253-1      0,40      3,20      0,00      8,00      0,00      4,00      2,00      0,08

20:29:41        IFACE   rxpck/s   txpck/s    rxkB/s    txkB/s   rxcmp/s   txcmp/s  rxmcst/s   %ifutil
20:29:46        ens33     32,00     24,40     20,94     22,25      0,00      0,00      0,00      0,02
20:29:46    veth0119560    373,00    401,20     96,99     55,65      0,00      0,00      0,00      0,01
20:29:46    veth141eb73    650,80    618,00    140,84    157,36      0,00      0,00      0,00      0,01
20:29:46    vethdfc607f    601,80    583,00    134,66    149,91      0,00      0,00      0,00      0,01
20:29:46      docker0      0,00      0,00      0,00      0,00      0,00      0,00      0,00      0,00
20:29:46    veth10aaab2      0,00      0,00      0,00      0,00      0,00      0,00      0,00      0,00
20:29:46    veth3ab407b    347,40    362,60     90,57     52,07      0,00      0,00      0,00      0,01
20:29:46           lo    128,00    128,00    100,22    100,22      0,00      0,00      0,00      0,00
20:29:46    vethb1eb094    220,00    223,80     40,01     56,79      0,00      0,00      0,00      0,00
20:29:46    veth957bc21    211,00    212,20     38,98     53,28      0,00      0,00      0,00      0,00
20:29:46    veth7f20925     22,20     21,00     30,59     15,56      0,00      0,00      0,00      0,00
20:29:46    br-bd61e146aaf4     65,40     60,80     67,40     36,23      0,00      0,00      0,00      0,00

20:29:46        CPU     %user     %nice   %system   %iowait    %steal     %idle
20:29:51        all     51,14      0,00     39,39      0,21      0,00      9,27

20:29:46          tps      rtps      wtps   bread/s   bwrtn/s
20:29:51        50,60      0,00     50,60      0,00   1515,20

20:29:46    kbmemfree kbmemused  %memused kbbuffers  kbcached  kbcommit   %commit  kbactive   kbinact   kbdirty
20:29:51       230176   7357972     96,97    180876   1200456  13180520     85,52   3893220   1520004      3324

20:29:46          DEV       tps  rd_sec/s  wr_sec/s  avgrq-sz  avgqu-sz     await     svctm     %util
20:29:51       dev7-0      0,00      0,00      0,00      0,00      0,00      0,00      0,00      0,00
20:29:51       dev7-1      0,00      0,00      0,00      0,00      0,00      0,00      0,00      0,00
20:29:51       dev7-2      0,00      0,00      0,00      0,00      0,00      0,00      0,00      0,00
20:29:51       dev7-3      0,00      0,00      0,00      0,00      0,00      0,00      0,00      0,00
20:29:51       dev7-4      0,00      0,00      0,00      0,00      0,00      0,00      0,00      0,00
20:29:51       dev7-5      0,00      0,00      0,00      0,00      0,00      0,00      0,00      0,00
20:29:51       dev7-6      0,00      0,00      0,00      0,00      0,00      0,00      0,00      0,00
20:29:51       dev7-7      0,00      0,00      0,00      0,00      0,00      0,00      0,00      0,00
20:29:51       dev8-0     50,60      0,00   1515,20     29,94      0,10      1,99      1,39      7,04
20:29:51      dev11-0      0,00      0,00      0,00      0,00      0,00      0,00      0,00      0,00
20:29:51     dev253-0    172,60      0,00   1515,20      8,78      0,21      1,20      0,42      7,28
20:29:51     dev253-1      0,00      0,00      0,00      0,00      0,00      0,00      0,00      0,00

20:29:46        IFACE   rxpck/s   txpck/s    rxkB/s    txkB/s   rxcmp/s   txcmp/s  rxmcst/s   %ifutil
20:29:51        ens33     43,00     31,20     27,45     28,29      0,00      0,00      0,00      0,02
20:29:51    veth0119560    436,20    473,80    122,28     67,76      0,00      0,00      0,00      0,01
20:29:51    veth141eb73    785,20    751,20    166,19    200,64      0,00      0,00      0,00      0,02
20:29:51    vethdfc607f    811,20    768,20    165,63    200,91      0,00      0,00      0,00      0,02
20:29:51      docker0      0,00      0,00      0,00      0,00      0,00      0,00      0,00      0,00
20:29:51    veth10aaab2      0,00      0,00      0,00      0,00      0,00      0,00      0,00      0,00
20:29:51    veth3ab407b    470,80    508,00    125,88     70,12      0,00      0,00      0,00      0,01
20:29:51           lo    151,60    151,60    103,82    103,82      0,00      0,00      0,00      0,00
20:29:51    vethb1eb094    283,60    279,40     52,55     69,15      0,00      0,00      0,00      0,01
20:29:51    veth957bc21    274,40    274,40     49,78     69,97      0,00      0,00      0,00      0,01
20:29:51    veth7f20925     30,80     32,80     46,25     21,08      0,00      0,00      0,00      0,00
20:29:51    br-bd61e146aaf4     77,20     72,80     69,65     41,77      0,00      0,00      0,00      0,00

20:29:51        CPU     %user     %nice   %system   %iowait    %steal     %idle
20:29:56        all     56,12      0,00     35,27      0,31      0,00      8,30

20:29:51          tps      rtps      wtps   bread/s   bwrtn/s
20:29:56        42,80      0,60     42,20     17,60   1249,60

20:29:51    kbmemfree kbmemused  %memused kbbuffers  kbcached  kbcommit   %commit  kbactive   kbinact   kbdirty
20:29:56       208412   7379736     97,25    181100   1202232  13290892     86,24   3913448   1521484      4604

20:29:51          DEV       tps  rd_sec/s  wr_sec/s  avgrq-sz  avgqu-sz     await     svctm     %util
20:29:56       dev7-0      0,00      0,00      0,00      0,00      0,00      0,00      0,00      0,00
20:29:56       dev7-1      0,00      0,00      0,00      0,00      0,00      0,00      0,00      0,00
20:29:56       dev7-2      0,00      0,00      0,00      0,00      0,00      0,00      0,00      0,00
20:29:56       dev7-3      0,00      0,00      0,00      0,00      0,00      0,00      0,00      0,00
20:29:56       dev7-4      0,00      0,00      0,00      0,00      0,00      0,00      0,00      0,00
20:29:56       dev7-5      0,00      0,00      0,00      0,00      0,00      0,00      0,00      0,00
20:29:56       dev7-6      0,00      0,00      0,00      0,00      0,00      0,00      0,00      0,00
20:29:56       dev7-7      0,00      0,00      0,00      0,00      0,00      0,00      0,00      0,00
20:29:56       dev8-0     42,80     17,60   1249,60     29,61      0,11      2,49      1,79      7,68
20:29:56      dev11-0      0,00      0,00      0,00      0,00      0,00      0,00      0,00      0,00
20:29:56     dev253-0    136,40      1,60   1249,60      9,17      0,25      1,81      0,56      7,60
20:29:56     dev253-1      2,00     16,00      0,00      8,00      0,01      6,40      1,20      0,24

20:29:51        IFACE   rxpck/s   txpck/s    rxkB/s    txkB/s   rxcmp/s   txcmp/s  rxmcst/s   %ifutil
20:29:56        ens33     50,80     39,40     34,43     37,06      0,00      0,00      0,00      0,03
20:29:56    veth0119560    355,20    345,20     92,62     51,31      0,00      0,00      0,00      0,01
20:29:56    veth141eb73    566,40    573,80    133,22    160,91      0,00      0,00      0,00      0,01
20:29:56    vethdfc607f    586,80    597,20    137,66    164,46      0,00      0,00      0,00      0,01
20:29:56      docker0      0,00      0,00      0,00      0,00      0,00      0,00      0,00      0,00
20:29:56    veth10aaab2      0,00      0,00      0,00      0,00      0,00      0,00      0,00      0,00
20:29:56    veth3ab407b    363,20    351,60     92,82     52,12      0,00      0,00      0,00      0,01
20:29:56           lo    148,20    148,20    111,69    111,69      0,00      0,00      0,00      0,00
20:29:56    vethb1eb094    192,40    192,80     33,76     52,07      0,00      0,00      0,00      0,00
20:29:56    veth957bc21    204,00    202,80     36,88     51,90      0,00      0,00      0,00      0,00
20:29:56    veth7f20925     36,40     37,80     69,86     18,28      0,00      0,00      0,00      0,01
20:29:56    br-bd61e146aaf4     77,80     74,60     86,08     41,38      0,00      0,00      0,00      0,00

20:29:56        CPU     %user     %nice   %system   %iowait    %steal     %idle
20:30:01        all     55,58      0,00     36,83      0,10      0,00      7,48

20:29:56          tps      rtps      wtps   bread/s   bwrtn/s
20:30:01        37,20      0,20     37,00      1,60   1035,20

20:29:56    kbmemfree kbmemused  %memused kbbuffers  kbcached  kbcommit   %commit  kbactive   kbinact   kbdirty
20:30:01       222384   7365764     97,07    181348   1203624  13190636     85,59   3896464   1522656      5752

20:29:56          DEV       tps  rd_sec/s  wr_sec/s  avgrq-sz  avgqu-sz     await     svctm     %util
20:30:01       dev7-0      0,00      0,00      0,00      0,00      0,00      0,00      0,00      0,00
20:30:01       dev7-1      0,00      0,00      0,00      0,00      0,00      0,00      0,00      0,00
20:30:01       dev7-2      0,00      0,00      0,00      0,00      0,00      0,00      0,00      0,00
20:30:01       dev7-3      0,00      0,00      0,00      0,00      0,00      0,00      0,00      0,00
20:30:01       dev7-4      0,00      0,00      0,00      0,00      0,00      0,00      0,00      0,00
20:30:01       dev7-5      0,00      0,00      0,00      0,00      0,00      0,00      0,00      0,00
20:30:01       dev7-6      0,00      0,00      0,00      0,00      0,00      0,00      0,00      0,00
20:30:01       dev7-7      0,00      0,00      0,00      0,00      0,00      0,00      0,00      0,00
20:30:01       dev8-0     37,20      1,60   1035,20     27,87      0,07      1,87      1,74      6,48
20:30:01      dev11-0      0,00      0,00      0,00      0,00      0,00      0,00      0,00      0,00
20:30:01     dev253-0    121,40      1,60   1035,20      8,54      0,19      1,56      0,53      6,40
20:30:01     dev253-1      0,00      0,00      0,00      0,00      0,00      0,00      0,00      0,00

20:29:56        IFACE   rxpck/s   txpck/s    rxkB/s    txkB/s   rxcmp/s   txcmp/s  rxmcst/s   %ifutil
20:30:01        ens33     34,40     25,40     19,14     22,49      0,00      0,00      0,00      0,02
20:30:01    veth0119560    435,00    451,60    122,19     63,85      0,00      0,00      0,00      0,01
20:30:01    veth141eb73    762,00    748,60    147,00    194,38      0,00      0,00      0,00      0,02
20:30:01    vethdfc607f    830,80    781,40    156,54    202,30      0,00      0,00      0,00      0,02
20:30:01      docker0      0,00      0,00      0,00      0,00      0,00      0,00      0,00      0,00
20:30:01    veth10aaab2      0,00      0,00      0,00      0,00      0,00      0,00      0,00      0,00
20:30:01    veth3ab407b    469,00    506,00    129,76     69,05      0,00      0,00      0,00      0,01
20:30:01           lo    138,40    138,40     70,25     70,25      0,00      0,00      0,00      0,00
20:30:01    vethb1eb094    287,60    284,40     52,15     68,77      0,00      0,00      0,00      0,01
20:30:01    veth957bc21    289,40    296,40     52,72     73,00      0,00      0,00      0,00      0,01
20:30:01    veth7f20925     27,20     29,60     32,61     16,16      0,00      0,00      0,00      0,00
20:30:01    br-bd61e146aaf4     67,60     64,60     39,52     35,00      0,00      0,00      0,00      0,00

20:30:01        CPU     %user     %nice   %system   %iowait    %steal     %idle
20:30:06        all     54,23      0,00     36,21      0,26      0,00      9,30

20:30:01          tps      rtps      wtps   bread/s   bwrtn/s
20:30:06        48,00      0,20     47,80      1,60   1464,00

20:30:01    kbmemfree kbmemused  %memused kbbuffers  kbcached  kbcommit   %commit  kbactive   kbinact   kbdirty
20:30:06       217736   7370412     97,13    181692   1206068  13197736     85,64   3899508   1524624      7308

20:30:01          DEV       tps  rd_sec/s  wr_sec/s  avgrq-sz  avgqu-sz     await     svctm     %util
20:30:06       dev7-0      0,00      0,00      0,00      0,00      0,00      0,00      0,00      0,00
20:30:06       dev7-1      0,00      0,00      0,00      0,00      0,00      0,00      0,00      0,00
20:30:06       dev7-2      0,00      0,00      0,00      0,00      0,00      0,00      0,00      0,00
20:30:06       dev7-3      0,00      0,00      0,00      0,00      0,00      0,00      0,00      0,00
20:30:06       dev7-4      0,00      0,00      0,00      0,00      0,00      0,00      0,00      0,00
20:30:06       dev7-5      0,00      0,00      0,00      0,00      0,00      0,00      0,00      0,00
20:30:06       dev7-6      0,00      0,00      0,00      0,00      0,00      0,00      0,00      0,00
20:30:06       dev7-7      0,00      0,00      0,00      0,00      0,00      0,00      0,00      0,00
20:30:06       dev8-0     48,00      1,60   1464,00     30,53      0,09      1,93      1,50      7,20
20:30:06      dev11-0      0,00      0,00      0,00      0,00      0,00      0,00      0,00      0,00
20:30:06     dev253-0    169,60      1,60   1464,00      8,64      0,23      1,35      0,42      7,20
20:30:06     dev253-1      0,00      0,00      0,00      0,00      0,00      0,00      0,00      0,00

20:30:01        IFACE   rxpck/s   txpck/s    rxkB/s    txkB/s   rxcmp/s   txcmp/s  rxmcst/s   %ifutil
20:30:06        ens33     46,80     35,20     31,03     32,64      0,00      0,00      0,00      0,03
20:30:06    veth0119560    454,40    450,60    129,34     69,62      0,00      0,00      0,00      0,01
20:30:06    veth141eb73    786,00    785,60    182,45    213,14      0,00      0,00      0,00      0,02
20:30:06    vethdfc607f    823,40    813,00    176,00    214,49      0,00      0,00      0,00      0,02
20:30:06      docker0      0,00      0,00      0,00      0,00      0,00      0,00      0,00      0,00
20:30:06    veth10aaab2      0,00      0,00      0,00      0,00      0,00      0,00      0,00      0,00
20:30:06    veth3ab407b    499,60    508,40    132,22     72,42      0,00      0,00      0,00      0,01
20:30:06           lo    168,20    168,20    120,31    120,31      0,00      0,00      0,00      0,00
20:30:06    vethb1eb094    300,60    300,40     53,37     75,30      0,00      0,00      0,00      0,01
20:30:06    veth957bc21    285,80    282,00     52,06     73,71      0,00      0,00      0,00      0,01
20:30:06    veth7f20925     37,20     38,60     56,00     21,49      0,00      0,00      0,00      0,00
20:30:06    br-bd61e146aaf4     86,40     78,00     85,36     45,26      0,00      0,00      0,00      0,00

20:30:06        CPU     %user     %nice   %system   %iowait    %steal     %idle
20:30:11        all     54,40      0,00     36,86      0,21      0,00      8,54

20:30:06          tps      rtps      wtps   bread/s   bwrtn/s
20:30:11        45,00      0,00     45,00      0,00   2937,60

20:30:06    kbmemfree kbmemused  %memused kbbuffers  kbcached  kbcommit   %commit  kbactive   kbinact   kbdirty
20:30:11       191544   7396604     97,48    182048   1207292  13310664     86,37   3923248   1525680      4300

20:30:06          DEV       tps  rd_sec/s  wr_sec/s  avgrq-sz  avgqu-sz     await     svctm     %util
20:30:11       dev7-0      0,00      0,00      0,00      0,00      0,00      0,00      0,00      0,00
20:30:11       dev7-1      0,00      0,00      0,00      0,00      0,00      0,00      0,00      0,00
20:30:11       dev7-2      0,00      0,00      0,00      0,00      0,00      0,00      0,00      0,00
20:30:11       dev7-3      0,00      0,00      0,00      0,00      0,00      0,00      0,00      0,00
20:30:11       dev7-4      0,00      0,00      0,00      0,00      0,00      0,00      0,00      0,00
20:30:11       dev7-5      0,00      0,00      0,00      0,00      0,00      0,00      0,00      0,00
20:30:11       dev7-6      0,00      0,00      0,00      0,00      0,00      0,00      0,00      0,00
20:30:11       dev7-7      0,00      0,00      0,00      0,00      0,00      0,00      0,00      0,00
20:30:11       dev8-0     45,00      0,00   2937,60     65,28      0,10      2,40      1,56      7,04
20:30:11      dev11-0      0,00      0,00      0,00      0,00      0,00      0,00      0,00      0,00
20:30:11     dev253-0    147,80      0,00   2937,60     19,88      0,24      1,61      0,48      7,04
20:30:11     dev253-1      0,00      0,00      0,00      0,00      0,00      0,00      0,00      0,00

20:30:06        IFACE   rxpck/s   txpck/s    rxkB/s    txkB/s   rxcmp/s   txcmp/s  rxmcst/s   %ifutil
20:30:11        ens33     47,80     35,00     29,70     31,08      0,00      0,00      0,00      0,03
20:30:11    veth0119560    412,40    415,60    109,95     59,01      0,00      0,00      0,00      0,01
20:30:11    veth141eb73    694,00    688,20    142,77    182,94      0,00      0,00      0,00      0,01
20:30:11    vethdfc607f    716,80    722,40    156,58    190,84      0,00      0,00      0,00      0,02
20:30:11      docker0      0,00      0,00      0,00      0,00      0,00      0,00      0,00      0,00
20:30:11    veth10aaab2      0,00      0,00      0,00      0,00      0,00      0,00      0,00      0,00
20:30:11    veth3ab407b    440,20    431,20    116,27     62,24      0,00      0,00      0,00      0,01
20:30:11           lo    139,80    139,80     96,75     96,75      0,00      0,00      0,00      0,00
20:30:11    vethb1eb094    249,40    250,60     44,13     63,30      0,00      0,00      0,00      0,01
20:30:11    veth957bc21    257,00    255,00     45,81     66,11      0,00      0,00      0,00      0,01
20:30:11    veth7f20925     26,80     30,60     50,61     16,22      0,00      0,00      0,00      0,00
20:30:11    br-bd61e146aaf4     69,00     66,00     64,77     40,24      0,00      0,00      0,00      0,00

20:30:11        CPU     %user     %nice   %system   %iowait    %steal     %idle
20:30:16        all     50,94      0,00     39,27      0,16      0,00      9,64

20:30:11          tps      rtps      wtps   bread/s   bwrtn/s
20:30:16        56,00      0,40     55,60      8,00   2203,20

20:30:11    kbmemfree kbmemused  %memused kbbuffers  kbcached  kbcommit   %commit  kbactive   kbinact   kbdirty
20:30:16       207908   7380240     97,26    182404   1209088  13201748     85,66   3905560   1527160      3192

20:30:11          DEV       tps  rd_sec/s  wr_sec/s  avgrq-sz  avgqu-sz     await     svctm     %util
20:30:16       dev7-0      0,00      0,00      0,00      0,00      0,00      0,00      0,00      0,00
20:30:16       dev7-1      0,00      0,00      0,00      0,00      0,00      0,00      0,00      0,00
20:30:16       dev7-2      0,00      0,00      0,00      0,00      0,00      0,00      0,00      0,00
20:30:16       dev7-3      0,00      0,00      0,00      0,00      0,00      0,00      0,00      0,00
20:30:16       dev7-4      0,00      0,00      0,00      0,00      0,00      0,00      0,00      0,00
20:30:16       dev7-5      0,00      0,00      0,00      0,00      0,00      0,00      0,00      0,00
20:30:16       dev7-6      0,00      0,00      0,00      0,00      0,00      0,00      0,00      0,00
20:30:16       dev7-7      0,00      0,00      0,00      0,00      0,00      0,00      0,00      0,00
20:30:16       dev8-0     56,00      8,00   2203,20     39,49      0,11      2,01      1,06      5,92
20:30:16      dev11-0      0,00      0,00      0,00      0,00      0,00      0,00      0,00      0,00
20:30:16     dev253-0    158,60      8,00   2203,20     13,94      0,18      1,16      0,36      5,68
20:30:16     dev253-1      0,00      0,00      0,00      0,00      0,00      0,00      0,00      0,00

20:30:11        IFACE   rxpck/s   txpck/s    rxkB/s    txkB/s   rxcmp/s   txcmp/s  rxmcst/s   %ifutil
20:30:16        ens33     31,20     26,00     19,10     23,57      0,00      0,00      0,00      0,02
20:30:16    veth0119560    402,40    434,20    105,85     59,34      0,00      0,00      0,00      0,01
20:30:16    veth141eb73    675,40    640,20    140,67    165,68      0,00      0,00      0,00      0,01
20:30:16    vethdfc607f    720,00    685,80    147,89    176,07      0,00      0,00      0,00      0,01
20:30:16      docker0      0,00      0,00      0,00      0,00      0,00      0,00      0,00      0,00
20:30:16    veth10aaab2      0,00      0,00      0,00      0,00      0,00      0,00      0,00      0,00
20:30:16    veth3ab407b    425,60    459,80    112,40     63,73      0,00      0,00      0,00      0,01
20:30:16           lo     94,20     94,20     73,87     73,87      0,00      0,00      0,00      0,00
20:30:16    vethb1eb094    219,00    221,80     37,82     59,16      0,00      0,00      0,00      0,00
20:30:16    veth957bc21    240,20    239,60     41,59     61,71      0,00      0,00      0,00      0,01
20:30:16    veth7f20925     15,40     17,20     39,37      5,88      0,00      0,00      0,00      0,00
20:30:16    br-bd61e146aaf4     43,20     43,80     57,03     23,60      0,00      0,00      0,00      0,00

20:30:16        CPU     %user     %nice   %system   %iowait    %steal     %idle
20:30:21        all     53,19      0,00     38,92      0,10      0,00      7,78

20:30:16          tps      rtps      wtps   bread/s   bwrtn/s
20:30:21        18,80      0,20     18,60      6,40    987,20

20:30:16    kbmemfree kbmemused  %memused kbbuffers  kbcached  kbcommit   %commit  kbactive   kbinact   kbdirty
20:30:21       200664   7387484     97,36    182496   1210936  13201464     85,66   3911296   1528692      3724

20:30:16          DEV       tps  rd_sec/s  wr_sec/s  avgrq-sz  avgqu-sz     await     svctm     %util
20:30:21       dev7-0      0,00      0,00      0,00      0,00      0,00      0,00      0,00      0,00
20:30:21       dev7-1      0,00      0,00      0,00      0,00      0,00      0,00      0,00      0,00
20:30:21       dev7-2      0,00      0,00      0,00      0,00      0,00      0,00      0,00      0,00
20:30:21       dev7-3      0,00      0,00      0,00      0,00      0,00      0,00      0,00      0,00
20:30:21       dev7-4      0,00      0,00      0,00      0,00      0,00      0,00      0,00      0,00
20:30:21       dev7-5      0,00      0,00      0,00      0,00      0,00      0,00      0,00      0,00
20:30:21       dev7-6      0,00      0,00      0,00      0,00      0,00      0,00      0,00      0,00
20:30:21       dev7-7      0,00      0,00      0,00      0,00      0,00      0,00      0,00      0,00
20:30:21       dev8-0     18,80      6,40    987,20     52,85      0,06      3,19      1,91      3,60
20:30:21      dev11-0      0,00      0,00      0,00      0,00      0,00      0,00      0,00      0,00
20:30:21     dev253-0     61,80      0,00    987,20     15,97      0,12      1,93      0,57      3,52
20:30:21     dev253-1      0,80      6,40      0,00      8,00      0,01      8,00      2,00      0,16

20:30:16        IFACE   rxpck/s   txpck/s    rxkB/s    txkB/s   rxcmp/s   txcmp/s  rxmcst/s   %ifutil
20:30:21        ens33     30,80     25,40     17,13     19,75      0,00      0,00      0,00      0,02
20:30:21    veth0119560    407,20    436,00    107,51     58,31      0,00      0,00      0,00      0,01
20:30:21    veth141eb73    709,40    676,20    138,57    169,36      0,00      0,00      0,00      0,01
20:30:21    vethdfc607f    688,80    648,40    134,28    164,65      0,00      0,00      0,00      0,01
20:30:21      docker0      0,00      0,00      0,00      0,00      0,00      0,00      0,00      0,00
20:30:21    veth10aaab2      0,00      0,00      0,00      0,00      0,00      0,00      0,00      0,00
20:30:21    veth3ab407b    397,60    430,60    105,32     57,85      0,00      0,00      0,00      0,01
20:30:21           lo    149,80    149,80     75,20     75,20      0,00      0,00      0,00      0,00
20:30:21    vethb1eb094    242,00    245,20     43,68     63,32      0,00      0,00      0,00      0,01
20:30:21    veth957bc21    228,00    230,60     41,41     61,34      0,00      0,00      0,00      0,01
20:30:21    veth7f20925     16,00     16,20     20,86     12,10      0,00      0,00      0,00      0,00
20:30:21    br-bd61e146aaf4     65,60     59,80     38,44     34,63      0,00      0,00      0,00      0,00

20:30:21        CPU     %user     %nice   %system   %iowait    %steal     %idle
20:30:26        all     54,20      0,00     37,71      0,26      0,00      7,83

20:30:21          tps      rtps      wtps   bread/s   bwrtn/s
20:30:26        75,00      1,40     73,60     32,00   2200,00

20:30:21    kbmemfree kbmemused  %memused kbbuffers  kbcached  kbcommit   %commit  kbactive   kbinact   kbdirty
20:30:26       191708   7396440     97,47    182904   1212440  13201196     85,66   3914804   1529988      4852

20:30:21          DEV       tps  rd_sec/s  wr_sec/s  avgrq-sz  avgqu-sz     await     svctm     %util
20:30:26       dev7-0      0,00      0,00      0,00      0,00      0,00      0,00      0,00      0,00
20:30:26       dev7-1      0,00      0,00      0,00      0,00      0,00      0,00      0,00      0,00
20:30:26       dev7-2      0,00      0,00      0,00      0,00      0,00      0,00      0,00      0,00
20:30:26       dev7-3      0,00      0,00      0,00      0,00      0,00      0,00      0,00      0,00
20:30:26       dev7-4      0,00      0,00      0,00      0,00      0,00      0,00      0,00      0,00
20:30:26       dev7-5      0,00      0,00      0,00      0,00      0,00      0,00      0,00      0,00
20:30:26       dev7-6      0,00      0,00      0,00      0,00      0,00      0,00      0,00      0,00
20:30:26       dev7-7      0,00      0,00      0,00      0,00      0,00      0,00      0,00      0,00
20:30:26       dev8-0     75,00     32,00   2200,00     29,76      0,15      1,99      1,46     10,96
20:30:26      dev11-0      0,00      0,00      0,00      0,00      0,00      0,00      0,00      0,00
20:30:26     dev253-0    236,80     32,00   2200,00      9,43      0,28      1,18      0,47     11,12
20:30:26     dev253-1      0,00      0,00      0,00      0,00      0,00      0,00      0,00      0,00

20:30:21        IFACE   rxpck/s   txpck/s    rxkB/s    txkB/s   rxcmp/s   txcmp/s  rxmcst/s   %ifutil
20:30:26        ens33     36,40     30,80     20,86     27,44      0,00      0,00      0,00      0,02
20:30:26    veth0119560    352,00    377,40     85,36     50,19      0,00      0,00      0,00      0,01
20:30:26    veth141eb73    576,20    549,60    116,84    141,83      0,00      0,00      0,00      0,01
20:30:26    vethdfc607f    513,20    526,80    114,33    140,53      0,00      0,00      0,00      0,01
20:30:26      docker0      0,00      0,00      0,00      0,00      0,00      0,00      0,00      0,00
20:30:26    veth10aaab2      0,00      0,00      0,00      0,00      0,00      0,00      0,00      0,00
20:30:26    veth3ab407b    321,40    303,00     83,09     44,40      0,00      0,00      0,00      0,01
20:30:26           lo    129,60    129,60     83,79     83,79      0,00      0,00      0,00      0,00
20:30:26    vethb1eb094    174,80    173,60     31,24     45,38      0,00      0,00      0,00      0,00
20:30:26    veth957bc21    179,20    181,40     31,94     46,85      0,00      0,00      0,00      0,00
20:30:26    veth7f20925     26,00     27,20     45,89     12,85      0,00      0,00      0,00      0,00
20:30:26    br-bd61e146aaf4     64,20     60,40     58,89     33,12      0,00      0,00      0,00      0,00

20:30:26        CPU     %user     %nice   %system   %iowait    %steal     %idle
20:30:31        all     51,35      0,00     39,80      0,16      0,00      8,69

20:30:26          tps      rtps      wtps   bread/s   bwrtn/s
20:30:31        51,00      0,00     51,00      0,00   1752,00

20:30:26    kbmemfree kbmemused  %memused kbbuffers  kbcached  kbcommit   %commit  kbactive   kbinact   kbdirty
20:30:31       171320   7416828     97,74    183208   1212816  13294584     86,26   3937284   1530668      5412

20:30:26          DEV       tps  rd_sec/s  wr_sec/s  avgrq-sz  avgqu-sz     await     svctm     %util
20:30:31       dev7-0      0,00      0,00      0,00      0,00      0,00      0,00      0,00      0,00
20:30:31       dev7-1      0,00      0,00      0,00      0,00      0,00      0,00      0,00      0,00
20:30:31       dev7-2      0,00      0,00      0,00      0,00      0,00      0,00      0,00      0,00
20:30:31       dev7-3      0,00      0,00      0,00      0,00      0,00      0,00      0,00      0,00
20:30:31       dev7-4      0,00      0,00      0,00      0,00      0,00      0,00      0,00      0,00
20:30:31       dev7-5      0,00      0,00      0,00      0,00      0,00      0,00      0,00      0,00
20:30:31       dev7-6      0,00      0,00      0,00      0,00      0,00      0,00      0,00      0,00
20:30:31       dev7-7      0,00      0,00      0,00      0,00      0,00      0,00      0,00      0,00
20:30:31       dev8-0     51,00      0,00   1752,00     34,35      0,11      2,24      1,73      8,80
20:30:31      dev11-0      0,00      0,00      0,00      0,00      0,00      0,00      0,00      0,00
20:30:31     dev253-0    175,60      0,00   1752,00      9,98      0,24      1,33      0,51      8,96
20:30:31     dev253-1      0,00      0,00      0,00      0,00      0,00      0,00      0,00      0,00

20:30:26        IFACE   rxpck/s   txpck/s    rxkB/s    txkB/s   rxcmp/s   txcmp/s  rxmcst/s   %ifutil
20:30:31        ens33     17,60     12,20      7,90      8,44      0,00      0,00      0,00      0,01
20:30:31    veth0119560    334,40    362,00     92,42     48,85      0,00      0,00      0,00      0,01
20:30:31    veth141eb73    578,80    547,00    106,51    135,49      0,00      0,00      0,00      0,01
20:30:31    vethdfc607f    581,40    541,80    108,61    134,42      0,00      0,00      0,00      0,01
20:30:31      docker0      0,00      0,00      0,00      0,00      0,00      0,00      0,00      0,00
20:30:31    veth10aaab2      0,00      0,00      0,00      0,00      0,00      0,00      0,00      0,00
20:30:31    veth3ab407b    318,20    349,80     88,97     47,87      0,00      0,00      0,00      0,01
20:30:31           lo     72,00     72,00     33,57     33,57      0,00      0,00      0,00      0,00
20:30:31    vethb1eb094    202,20    204,00     35,85     51,84      0,00      0,00      0,00      0,00
20:30:31    veth957bc21    207,80    213,20     37,83     50,99      0,00      0,00      0,00      0,00
20:30:31    veth7f20925      6,20      6,80      6,42      3,61      0,00      0,00      0,00      0,00
20:30:31    br-bd61e146aaf4     34,20     30,20     17,42     14,44      0,00      0,00      0,00      0,00



Average:        CPU     %user     %nice   %system   %iowait    %steal     %idle
Average:        all     53,80      0,00     36,87      0,24      0,00      9,09

Average:          tps      rtps      wtps   bread/s   bwrtn/s
Average:        49,19      0,33     48,86      7,58   1780,65

Average:    kbmemfree kbmemused  %memused kbbuffers  kbcached  kbcommit   %commit  kbactive   kbinact   kbdirty
Average:       243562   7344586     96,79    179724   1195122  13188344     85,57   3885465   1516324      3986

Average:          DEV       tps  rd_sec/s  wr_sec/s  avgrq-sz  avgqu-sz     await     svctm     %util
Average:       dev7-0      0,00      0,00      0,00      0,00      0,00      0,00      0,00      0,00
Average:       dev7-1      0,00      0,00      0,00      0,00      0,00      0,00      0,00      0,00
Average:       dev7-2      0,00      0,00      0,00      0,00      0,00      0,00      0,00      0,00
Average:       dev7-3      0,00      0,00      0,00      0,00      0,00      0,00      0,00      0,00
Average:       dev7-4      0,00      0,00      0,00      0,00      0,00      0,00      0,00      0,00
Average:       dev7-5      0,00      0,00      0,00      0,00      0,00      0,00      0,00      0,00
Average:       dev7-6      0,00      0,00      0,00      0,00      0,00      0,00      0,00      0,00
Average:       dev7-7      0,00      0,00      0,00      0,00      0,00      0,00      0,00      0,00
Average:       dev8-0     49,19      7,58   1780,65     36,36      0,13      2,59      1,57      7,72
Average:      dev11-0      0,00      0,00      0,00      0,00      0,00      0,00      0,00      0,00
Average:     dev253-0    157,50      2,37   1780,65     11,32      0,26      1,62      0,49      7,67
Average:     dev253-1      0,65      5,22      0,00      8,00      0,00      6,93      1,76      0,11

Average:        IFACE   rxpck/s   txpck/s    rxkB/s    txkB/s   rxcmp/s   txcmp/s  rxmcst/s   %ifutil
Average:        ens33     46,94     34,61     32,80     32,22      0,00      0,00      0,00      0,03
Average:    veth0119560    408,18    421,59    110,75     61,28      0,00      0,00      0,00      0,01
Average:    veth141eb73    701,45    684,51    154,58    185,91      0,00      0,00      0,00      0,02
Average:    vethdfc607f    696,82    683,30    154,51    185,97      0,00      0,00      0,00      0,02
Average:      docker0      0,00      0,00      0,00      0,00      0,00      0,00      0,00      0,00
Average:    veth10aaab2      0,00      0,00      0,00      0,00      0,00      0,00      0,00      0,00
Average:    veth3ab407b    405,46    413,14    110,63     60,87      0,00      0,00      0,00      0,01
Average:           lo    140,87    140,87    108,75    108,75      0,00      0,00      0,00      0,00
Average:    vethb1eb094    249,26    250,13     45,50     62,42      0,00      0,00      0,00      0,01
Average:    veth957bc21    251,74    253,58     45,75     62,74      0,00      0,00      0,00      0,01
Average:    veth7f20925     33,46     34,86     58,69     20,40      0,00      0,00      0,00      0,00
Average:    br-bd61e146aaf4     76,42     71,16     80,74     40,96      0,00      0,00      0,00      0,00
